bin_low_edge,contents,binerror,xtitle,binlabel
-1.5,0.0,0.0,,
-0.5,15.0,3.872983346207417,,
0.5,3.0,1.7320508075688772,,
1.5,0.0,0.0,,
2.5,0.0,0.0,,
3.5,13.0,3.605551275463989,,
4.5,0.0,0.0,,
