bin_low_edge,contents,binerror,xtitle,binlabel
-1.5,0.0,0.0,hamming distance,
-0.5,0.7197802197802199,0.06288748979263516,hamming distance,
0.5,0.09340659340659341,0.022654426514382753,hamming distance,
1.5,0.09890109890109891,0.023311212566589478,hamming distance,
2.5,0.04395604395604396,0.015540808377726322,hamming distance,
3.5,0.027472527472527476,0.012286087788460385,hamming distance,
4.5,0.016483516483516484,0.009516762678949877,hamming distance,
5.5,0.0,0.0,hamming distance,
