bin_low_edge,contents,binerror,xtitle,binlabel
-1.5,0.0,0.0,hamming distance,
-0.5,0.8571428571428572,0.06862635163075163,hamming distance,
0.5,0.1098901098901099,0.02457217557692077,hamming distance,
1.5,0.03296703296703297,0.013458734850457022,hamming distance,
2.5,0.0,0.0,hamming distance,
