position,mute_freq,lo_err,hi_err,A,A_lo_err,A_hi_err,C,C_lo_err,C_hi_err,G,G_lo_err,G_hi_err,T,T_lo_err,T_hi_err
3,0.0,0.0,0.306639,0.0,0.0,0.306639,1.0,0.69336127435063466,1.0,0.0,0.0,0.306639,0.0,0.0,0.306639
4,0.0,0.0,0.306639,0.0,0.0,0.306639,0.0,0.0,0.306639,0.0,0.0,0.306639,1.0,0.69336127435063466,1.0
5,0.0,0.0,0.306639,1.0,0.69336127435063466,1.0,0.0,0.0,0.306639,0.0,0.0,0.306639,0.0,0.0,0.306639
6,0.0,0.0,0.306639,0.0,0.0,0.306639,1.0,0.69336127435063466,1.0,0.0,0.0,0.306639,0.0,0.0,0.306639
7,0.0,0.0,0.306639,0.0,0.0,0.306639,0.0,0.0,0.306639,1.0,0.69336127435063466,1.0,0.0,0.0,0.306639
8,0.0,0.0,0.306639,0.0,0.0,0.306639,0.0,0.0,0.306639,1.0,0.69336127435063466,1.0,0.0,0.0,0.306639
9,0.5,0.259149,0.740851,0.0,0.0,0.306639,0.5,0.259149,0.740851,0.0,0.0,0.306639,0.5,0.259149,0.740851
10,0.5,0.259149,0.740851,0.5,0.259149,0.740851,0.0,0.0,0.306639,0.5,0.259149,0.740851,0.0,0.0,0.306639
11,0.5,0.259149,0.740851,0.5,0.259149,0.740851,0.0,0.0,0.306639,0.5,0.259149,0.740851,0.0,0.0,0.306639
12,0.0,0.0,0.306639,0.0,0.0,0.306639,0.0,0.0,0.306639,0.0,0.0,0.306639,1.0,0.69336127435063466,1.0
13,0.5,0.259149,0.740851,0.5,0.259149,0.740851,0.5,0.259149,0.740851,0.0,0.0,0.306639,0.0,0.0,0.306639
14,0.0,0.0,0.306639,1.0,0.69336127435063466,1.0,0.0,0.0,0.306639,0.0,0.0,0.306639,0.0,0.0,0.306639
15,0.0,0.0,0.306639,0.0,0.0,0.306639,1.0,0.69336127435063466,1.0,0.0,0.0,0.306639,0.0,0.0,0.306639
16,0.0,0.0,0.306639,0.0,0.0,0.306639,0.0,0.0,0.306639,0.0,0.0,0.306639,1.0,0.69336127435063466,1.0
17,0.0,0.0,0.306639,0.0,0.0,0.306639,1.0,0.69336127435063466,1.0,0.0,0.0,0.306639,0.0,0.0,0.306639
18,0.0,0.0,0.306639,0.0,0.0,0.306639,1.0,0.69336127435063466,1.0,0.0,0.0,0.306639,0.0,0.0,0.306639
