bin_low_edge,contents,binerror,xtitle,binlabel
-1.5,0.0,0.0,,
-0.5,7.0,2.6457513110645907,,
0.5,1.0,1.0,,
1.5,1.0,1.0,,
2.5,1.0,1.0,,
3.5,2.0,1.4142135623730951,,
4.5,2.0,1.4142135623730951,,
5.5,0.0,0.0,,
6.5,0.0,0.0,,
7.5,0.0,0.0,,
8.5,0.0,0.0,,
9.5,1.0,1.0,,
10.5,0.0,0.0,,
11.5,0.0,0.0,,
12.5,0.0,0.0,,
13.5,1.0,1.0,,
14.5,0.0,0.0,,
