bin_low_edge,contents,binerror,xtitle,binlabel
-0.5,0.0,0.0,,
0.5,51.0,7.14142842854285,,A
1.5,102.0,10.099504938362077,,C
2.5,83.0,9.1104335791443,,G
3.5,77.0,8.774964387392123,,T
4.5,0.0,0.0,,
