bin_low_edge,contents,binerror,xtitle,binlabel
-1.5,0.0,0.0,,
-0.5,29.0,5.385164807134504,,
0.5,0.0,0.0,,
1.5,1.0,1.0,,
2.5,1.0,1.0,,
3.5,16.0,4.0,,
4.5,0.0,0.0,,
5.5,4.0,2.0,,
6.5,2.0,1.4142135623730951,,
7.5,0.0,0.0,,
