bin_low_edge,contents,binerror,xtitle,binlabel
-0.5,0.0,0.0,,
0.5,4060.0,63.71812928829596,,A
1.5,4838.0,69.55573304911681,,C
2.5,5631.0,75.03998933901843,,G
3.5,4203.0,64.83054835492293,,T
4.5,0.0,0.0,,
