bin_low_edge,contents,binerror,xtitle,binlabel
-0.5,0.0,0.0,,
0.5,6.0,2.449489742783178,,IGHV1-3*01
1.5,2.0,1.4142135623730951,,IGHV2-70*12
2.5,13.0,3.605551275463989,,IGHV3-23D*01
3.5,2.0,1.4142135623730951,,IGHV3-53*02
4.5,3.0,1.7320508075688772,,IGHV3-53*03
5.5,15.0,3.872983346207417,,IGHV3-9*02
6.5,1.0,1.0,,IGHV3-NL1*01
7.5,7.0,2.6457513110645907,,IGHV4-34*02
8.5,2.0,1.4142135623730951,,IGHV4-34*12
9.5,2.0,1.4142135623730951,,IGHV4-34*13
10.5,0.0,0.0,,
