bin_low_edge,contents,binerror,xtitle,binlabel
-0.5,0.0,0.0,,
0.5,35.0,5.916079783099616,,A
1.5,88.0,9.38083151964686,,C
2.5,64.0,8.0,,G
3.5,22.0,4.69041575982343,,T
4.5,0.0,0.0,,
