bin_low_edge,contents,binerror,xtitle,binlabel
-1.5,0.0,0.0,,
-0.5,13.0,3.605551275463989,,
0.5,0.0,0.0,,
1.5,1.0,1.0,,
2.5,0.0,0.0,,
3.5,0.0,0.0,,
4.5,0.0,0.0,,
5.5,4.0,2.0,,
6.5,6.0,2.449489742783178,,
7.5,1.0,1.0,,
8.5,0.0,0.0,,
