bin_low_edge,contents,binerror,xtitle,binlabel
7.5,0.0,0.0,,
8.5,0.0,0.0836585,,
9.5,0.0,0.0836585,,
10.5,0.0,0.0836585,,
11.5,0.2,0.161221,,
12.5,0.0,0.0836585,,
13.5,0.2,0.161221,,
14.5,0.0,0.0836585,,
15.5,0.0,0.0836585,,
16.5,0.0,0.0836585,,
17.5,0.0,0.0,,
