position,mute_freq,lo_err,hi_err,A,A_lo_err,A_hi_err,C,C_lo_err,C_hi_err,G,G_lo_err,G_hi_err,T,T_lo_err,T_hi_err
3,0.0,0.0,0.240164,0.0,0.0,0.240164,1.0,0.75983568565159254,1.0,0.0,0.0,0.240164,0.0,0.0,0.240164
4,0.0,0.0,0.240164,0.0,0.0,0.240164,0.0,0.0,0.240164,0.0,0.0,0.240164,1.0,0.75983568565159254,1.0
5,0.0,0.0,0.240164,1.0,0.75983568565159254,1.0,0.0,0.0,0.240164,0.0,0.0,0.240164,0.0,0.0,0.240164
6,0.0,0.0,0.240164,0.0,0.0,0.240164,1.0,0.75983568565159254,1.0,0.0,0.0,0.240164,0.0,0.0,0.240164
7,0.0,0.0,0.240164,0.0,0.0,0.240164,0.0,0.0,0.240164,1.0,0.75983568565159254,1.0,0.0,0.0,0.240164
8,0.0,0.0,0.240164,0.0,0.0,0.240164,0.0,0.0,0.240164,1.0,0.75983568565159254,1.0,0.0,0.0,0.240164
9,0.3333333333333333,0.190687,0.611085,0.0,0.0,0.240164,0.3333333333333333,0.190687,0.611085,0.0,0.0,0.240164,0.6666666666666666,0.388915,0.809313
10,0.6666666666666666,0.388915,0.809313,0.6666666666666666,0.388915,0.809313,0.0,0.0,0.240164,0.3333333333333333,0.190687,0.611085,0.0,0.0,0.240164
11,0.6666666666666666,0.388915,0.809313,0.6666666666666666,0.388915,0.809313,0.0,0.0,0.240164,0.3333333333333333,0.190687,0.611085,0.0,0.0,0.240164
12,0.0,0.0,0.240164,0.0,0.0,0.240164,0.0,0.0,0.240164,0.0,0.0,0.240164,1.0,0.75983568565159254,1.0
13,0.6666666666666666,0.388915,0.809313,0.3333333333333333,0.190687,0.611085,0.3333333333333333,0.190687,0.611085,0.0,0.0,0.240164,0.3333333333333333,0.190687,0.611085
14,0.0,0.0,0.240164,1.0,0.75983568565159254,1.0,0.0,0.0,0.240164,0.0,0.0,0.240164,0.0,0.0,0.240164
15,0.0,0.0,0.240164,0.0,0.0,0.240164,1.0,0.75983568565159254,1.0,0.0,0.0,0.240164,0.0,0.0,0.240164
16,0.0,0.0,0.240164,0.0,0.0,0.240164,0.0,0.0,0.240164,0.0,0.0,0.240164,1.0,0.75983568565159254,1.0
17,0.0,0.0,0.240164,0.0,0.0,0.240164,1.0,0.75983568565159254,1.0,0.0,0.0,0.240164,0.0,0.0,0.240164
18,0.0,0.0,0.240164,0.0,0.0,0.240164,1.0,0.75983568565159254,1.0,0.0,0.0,0.240164,0.0,0.0,0.240164
