position,mute_freq,lo_err,hi_err,A,A_lo_err,A_hi_err,C,C_lo_err,C_hi_err,G,G_lo_err,G_hi_err,T,T_lo_err,T_hi_err
5,0.0,0.0,0.240164,1.0,0.75983568565159254,1.0,0.0,0.0,0.240164,0.0,0.0,0.240164,0.0,0.0,0.240164
6,0.25,0.151017,0.517262,0.0,0.0,0.197258,0.0,0.0,0.197258,0.25,0.151017,0.517262,0.75,0.482738,0.848983
7,0.0,0.0,0.197258,0.0,0.0,0.197258,0.0,0.0,0.197258,1.0,0.8027415617602307,1.0,0.0,0.0,0.197258
8,0.0,0.0,0.197258,1.0,0.8027415617602307,1.0,0.0,0.0,0.197258,0.0,0.0,0.197258,0.0,0.0,0.197258
9,0.5,0.302697,0.697303,0.25,0.151017,0.517262,0.25,0.151017,0.517262,0.0,0.0,0.197258,0.5,0.302697,0.697303
10,0.5,0.302697,0.697303,0.0,0.0,0.197258,0.0,0.0,0.197258,0.5,0.302697,0.697303,0.5,0.302697,0.697303
11,0.0,0.0,0.197258,1.0,0.8027415617602307,1.0,0.0,0.0,0.197258,0.0,0.0,0.197258,0.0,0.0,0.197258
12,0.0,0.0,0.197258,0.0,0.0,0.197258,1.0,0.8027415617602307,1.0,0.0,0.0,0.197258,0.0,0.0,0.197258
13,0.25,0.151017,0.517262,0.0,0.0,0.197258,0.0,0.0,0.197258,0.75,0.482738,0.848983,0.25,0.151017,0.517262
14,0.0,0.0,0.197258,0.0,0.0,0.197258,0.0,0.0,0.197258,0.0,0.0,0.197258,1.0,0.8027415617602307,1.0
15,0.5,0.302697,0.697303,0.0,0.0,0.197258,0.5,0.302697,0.697303,0.0,0.0,0.197258,0.5,0.302697,0.697303
16,0.0,0.0,0.114912,0.0,0.0,0.114912,0.0,0.0,0.114912,0.0,0.0,0.114912,1.0,0.88508815207146019,1.0
17,0.125,0.082581,0.317494,0.125,0.082581,0.317494,0.0,0.0,0.114912,0.875,0.682506,0.917419,0.0,0.0,0.114912
18,0.25,0.16166,0.438295,0.0,0.0,0.114912,0.125,0.082581,0.317494,0.75,0.561705,0.83834,0.125,0.082581,0.317494
19,0.0,0.0,0.114912,0.0,0.0,0.114912,0.0,0.0,0.114912,1.0,0.88508815207146019,1.0,0.0,0.0,0.114912
20,0.125,0.082581,0.317494,0.125,0.082581,0.317494,0.0,0.0,0.114912,0.875,0.682506,0.917419,0.0,0.0,0.114912
21,0.25,0.16166,0.438295,0.125,0.082581,0.317494,0.0,0.0,0.114912,0.75,0.561705,0.83834,0.125,0.082581,0.317494
22,0.125,0.082581,0.317494,0.875,0.682506,0.917419,0.0,0.0,0.114912,0.0,0.0,0.114912,0.125,0.082581,0.317494
23,0.125,0.082581,0.317494,0.125,0.082581,0.317494,0.0,0.0,0.114912,0.875,0.682506,0.917419,0.0,0.0,0.114912
24,0.0,0.0,0.240164,0.0,0.0,0.240164,0.0,0.0,0.240164,0.0,0.0,0.240164,1.0,0.75983568565159254,1.0
