bin_low_edge,contents,binerror,xtitle,binlabel
-1.5,0.0,0.0,,
-0.5,16.0,4.0,,
0.5,1.0,1.0,,
1.5,1.0,1.0,,
2.5,14.0,3.7416573867739413,,
3.5,4.0,2.0,,
4.5,0.0,0.0,,
5.5,7.0,2.6457513110645907,,
6.5,5.0,2.23606797749979,,
7.5,2.0,1.4142135623730951,,
8.5,0.0,0.0,,
9.5,0.0,0.0,,
10.5,0.0,0.0,,
11.5,1.0,1.0,,
12.5,2.0,1.4142135623730951,,
13.5,0.0,0.0,,
