bin_low_edge,contents,binerror,xtitle,binlabel
-0.5,0.0,0.0,,
0.5,53.0,7.280109889280518,,A
1.5,102.0,10.099504938362077,,C
2.5,74.0,8.602325267042627,,G
3.5,72.0,8.48528137423857,,T
4.5,0.0,0.0,,
