bin_low_edge,contents,binerror,xtitle,binlabel
-1.5,0.0,0.0,,
-0.5,51.0,7.14142842854285,,
0.5,2.0,1.4142135623730951,,
1.5,0.0,0.0,,
