bin_low_edge,contents,binerror,xtitle,binlabel
-0.5,0.0,0.0,,
0.5,1.0,1.0,,IGHJ2*01
1.5,1.0,1.0,,IGHJ3*02
2.5,17.0,4.123105625617661,,IGHJ4*02
3.5,31.0,5.5677643628300215,,IGHJ5*02
4.5,3.0,1.7320508075688772,,IGHJ6*02
5.5,0.0,0.0,,
