bin_low_edge,contents,binerror,xtitle,binlabel
-1.5,0.0,0.0,,
-0.5,23.0,4.795831523312719,,
0.5,8.0,2.8284271247461903,,
1.5,0.0,0.0,,
2.5,7.0,2.6457513110645907,,
3.5,11.0,3.3166247903554,,
4.5,4.0,2.0,,
5.5,0.0,0.0,,
