bin_low_edge,contents,binerror,xtitle,binlabel
-0.5,0.0,0.0,,
0.5,42.0,6.48074069840786,,A
1.5,92.0,9.591663046625438,,C
2.5,70.0,8.366600265340756,,G
3.5,27.0,5.196152422706632,,T
4.5,0.0,0.0,,
