bin_low_edge,contents,binerror,xtitle,binlabel
-1.5,0.0,0.0,,
-0.5,16.0,4.0,,
0.5,0.0,0.0,,
1.5,1.0,1.0,,
2.5,17.0,4.123105625617661,,
3.5,2.0,1.4142135623730951,,
4.5,0.0,0.0,,
5.5,6.0,2.449489742783178,,
6.5,6.0,2.449489742783178,,
7.5,2.0,1.4142135623730951,,
8.5,0.0,0.0,,
9.5,0.0,0.0,,
10.5,0.0,0.0,,
11.5,1.0,1.0,,
12.5,2.0,1.4142135623730951,,
13.5,0.0,0.0,,
