bin_low_edge,contents,binerror,xtitle,binlabel
-1.5,0.0,0.0,,
-0.5,7.0,2.6457513110645907,,
0.5,10.0,3.1622776601683795,,
1.5,9.0,3.0,,
2.5,10.0,3.1622776601683795,,
3.5,0.0,0.0,,
4.5,0.0,0.0,,
5.5,1.0,1.0,,
6.5,11.0,3.3166247903554,,
7.5,1.0,1.0,,
8.5,0.0,0.0,,
9.5,0.0,0.0,,
10.5,0.0,0.0,,
11.5,0.0,0.0,,
12.5,0.0,0.0,,
13.5,3.0,1.7320508075688772,,
14.5,0.0,0.0,,
15.5,0.0,0.0,,
16.5,0.0,0.0,,
17.5,1.0,1.0,,
18.5,0.0,0.0,,
