bin_low_edge,contents,binerror,xtitle,binlabel
-0.5,0.0,0.0,,
0.5,1.0,1.0,,
1.5,8.0,2.8284271247461903,,
2.5,0.0,0.0,,
3.5,0.0,0.0,,
4.5,0.0,0.0,,
5.5,0.0,0.0,,
6.5,15.0,3.872983346207417,,
7.5,0.0,0.0,,
