bin_low_edge,contents,binerror,xtitle,binlabel
4.5,0.0,0.0,,
5.5,3.0,1.7320508075688772,,
6.5,0.0,0.0,,
7.5,0.0,0.0,,
8.5,2.0,1.4142135623730951,,
9.5,5.0,2.23606797749979,,
10.5,0.0,0.0,,
11.5,0.0,0.0,,
12.5,0.0,0.0,,
13.5,3.0,1.7320508075688772,,
14.5,0.0,0.0,,
