bin_low_edge,contents,binerror,xtitle,binlabel
-1.5,0.0,0.0,,
-0.5,12.0,3.4641016151377544,,
0.5,0.0,0.0,,
1.5,1.0,1.0,,
2.5,0.0,0.0,,
3.5,14.0,3.7416573867739413,,
4.5,0.0,0.0,,
5.5,2.0,1.4142135623730951,,
6.5,2.0,1.4142135623730951,,
7.5,0.0,0.0,,
