bin_low_edge,contents,binerror,xtitle,binlabel
-1.5,0.0,0.0,,
-0.5,8.0,2.8284271247461903,,
0.5,0.0,0.0,,
1.5,0.0,0.0,,
2.5,0.0,0.0,,
3.5,0.0,0.0,,
4.5,0.0,0.0,,
5.5,3.0,1.7320508075688772,,
6.5,0.0,0.0,,
7.5,0.0,0.0,,
8.5,0.0,0.0,,
9.5,0.0,0.0,,
10.5,0.0,0.0,,
11.5,0.0,0.0,,
12.5,0.0,0.0,,
13.5,2.0,1.4142135623730951,,
14.5,0.0,0.0,,
