position,mute_freq,lo_err,hi_err,A,A_lo_err,A_hi_err,C,C_lo_err,C_hi_err,G,G_lo_err,G_hi_err,T,T_lo_err,T_hi_err
0,0.0,0.0,0.306639,0.0,0.0,0.306639,0.0,0.0,0.306639,1.0,0.69336127435063466,1.0,0.0,0.0,0.306639
1,0.0,0.0,0.240164,0.0,0.0,0.240164,0.0,0.0,0.240164,0.0,0.0,0.240164,1.0,0.75983568565159254,1.0
2,0.0,0.0,0.240164,1.0,0.75983568565159254,1.0,0.0,0.0,0.240164,0.0,0.0,0.240164,0.0,0.0,0.240164
3,0.14285714285714285,0.093119,0.351673,0.0,0.0,0.128314,0.14285714285714285,0.093119,0.351673,0.0,0.0,0.128314,0.8571428571428571,0.648327,0.906881
4,0.0,0.0,0.104042,0.0,0.0,0.104042,0.0,0.0,0.104042,0.0,0.0,0.104042,1.0,0.89595845984076217,1.0
5,0.1111111111111111,0.074189,0.289317,0.8888888888888888,0.710683,0.925811,0.0,0.0,0.104042,0.0,0.0,0.104042,0.1111111111111111,0.074189,0.289317
6,0.0,0.0,0.104042,0.0,0.0,0.104042,1.0,0.89595845984076217,1.0,0.0,0.0,0.104042,0.0,0.0,0.104042
7,0.1111111111111111,0.074189,0.289317,0.0,0.0,0.104042,0.1111111111111111,0.074189,0.289317,0.0,0.0,0.104042,0.8888888888888888,0.710683,0.925811
8,0.3333333333333333,0.223923,0.503205,0.6666666666666666,0.496795,0.776077,0.1111111111111111,0.074189,0.289317,0.0,0.0,0.104042,0.2222222222222222,0.144872,0.400387
9,0.0,0.0,0.104042,0.0,0.0,0.104042,0.0,0.0,0.104042,0.0,0.0,0.104042,1.0,0.89595845984076217,1.0
10,0.0,0.0,0.104042,0.0,0.0,0.104042,0.0,0.0,0.104042,1.0,0.89595845984076217,1.0,0.0,0.0,0.104042
11,0.0,0.0,0.104042,0.0,0.0,0.104042,0.0,0.0,0.104042,1.0,0.89595845984076217,1.0,0.0,0.0,0.104042
12,0.0,0.0,0.104042,0.0,0.0,0.104042,0.0,0.0,0.104042,0.0,0.0,0.104042,1.0,0.89595845984076217,1.0
13,0.0,0.0,0.104042,0.0,0.0,0.104042,0.0,0.0,0.104042,0.0,0.0,0.104042,1.0,0.89595845984076217,1.0
14,0.0,0.0,0.104042,0.0,0.0,0.104042,1.0,0.89595845984076217,1.0,0.0,0.0,0.104042,0.0,0.0,0.104042
15,0.0,0.0,0.104042,0.0,0.0,0.104042,0.0,0.0,0.104042,1.0,0.89595845984076217,1.0,0.0,0.0,0.104042
16,0.1111111111111111,0.074189,0.289317,0.1111111111111111,0.074189,0.289317,0.0,0.0,0.104042,0.8888888888888888,0.710683,0.925811,0.0,0.0,0.104042
17,0.0,0.0,0.104042,0.0,0.0,0.104042,0.0,0.0,0.104042,1.0,0.89595845984076217,1.0,0.0,0.0,0.104042
18,0.125,0.082581,0.317494,0.0,0.0,0.114912,0.125,0.082581,0.317494,0.875,0.682506,0.917419,0.0,0.0,0.114912
19,0.0,0.0,0.114912,1.0,0.88508815207146019,1.0,0.0,0.0,0.114912,0.0,0.0,0.114912,0.0,0.0,0.114912
20,0.0,0.0,0.42265,0.0,0.0,0.42265,0.0,0.0,0.42265,1.0,0.57735026918962573,1.0,0.0,0.0,0.42265
