bin_low_edge,contents,binerror,xtitle,binlabel
-1.5,0.0,0.0,,
-0.5,1.0,1.0,,
0.5,0.0,0.0,,
1.5,2.0,1.4142135623730951,,
2.5,6.0,2.449489742783178,,
3.5,0.0,0.0,,
