bin_low_edge,contents,binerror,xtitle,binlabel
-1.5,0.0,0.0,,
-0.5,0.7287234042553191,0.03362449578016069,,right
0.5,0.2712765957446808,0.028906595744680824,,wrong
1.5,0.0,0.0,,
