bin_low_edge,contents,binerror,xtitle,binlabel
-1.5,0.0,0.0,,
-0.5,0.9148936170212766,0.02416712398506482,,right
0.5,0.0851063829787234,0.015605382978723409,,wrong
1.5,0.0,0.0,,
