bin_low_edge,contents,binerror,xtitle,binlabel
-1.5,0.0,0.0,,
-0.5,0.8882978723404256,0.026349370453246035,,right
0.5,0.11170212765957446,0.01833712765957446,,wrong
1.5,0.0,0.0,,
