bin_low_edge,contents,binerror,xtitle,binlabel
-0.5,0.0,0.0,,
0.5,12.0,3.4641016151377544,,IGHD2-15*01
1.5,1.0,1.0,,IGHD2/OR15-2b*01
2.5,9.0,3.0,,IGHD3-10*01
3.5,2.0,1.4142135623730951,,IGHD3-22*01
4.5,3.0,1.7320508075688772,,IGHD3-3*02
5.5,2.0,1.4142135623730951,,IGHD4-17*01
6.5,24.0,4.898979485566356,,IGHD6-13*01
7.5,0.0,0.0,,
