bin_low_edge,contents,binerror,xtitle,binlabel
-1.5,0.0,0.0,,
-0.5,22.0,4.69041575982343,,
0.5,3.0,1.7320508075688772,,
1.5,2.0,1.4142135623730951,,
2.5,11.0,3.3166247903554,,
3.5,15.0,3.872983346207417,,
4.5,0.0,0.0,,
