bin_low_edge,contents,binerror,xtitle,binlabel
-0.5,0.0,0.0,,
0.5,26.0,5.0990195135927845,,A
1.5,92.0,9.591663046625438,,C
2.5,67.0,8.18535277187245,,G
3.5,24.0,4.898979485566356,,T
4.5,0.0,0.0,,
