bin_low_edge,contents,binerror,xtitle,binlabel
-1.5,0.0,0.0,,
-0.5,17.0,4.123105625617661,,
0.5,0.0,0.0,,
1.5,3.0,1.7320508075688772,,
2.5,17.0,4.123105625617661,,
3.5,4.0,2.0,,
4.5,0.0,0.0,,
5.5,1.0,1.0,,
6.5,7.0,2.6457513110645907,,
7.5,0.0,0.0,,
8.5,0.0,0.0,,
9.5,0.0,0.0,,
10.5,0.0,0.0,,
11.5,1.0,1.0,,
12.5,3.0,1.7320508075688772,,
13.5,0.0,0.0,,
