bin_low_edge,contents,binerror,xtitle,binlabel
-0.5,0.0,0.0,,
0.5,35.0,5.916079783099616,,A
1.5,90.0,9.486832980505138,,C
2.5,71.0,8.426149773176359,,G
3.5,70.0,8.366600265340756,,T
4.5,0.0,0.0,,
