bin_low_edge,contents,binerror,xtitle,binlabel
-1.5,0.0,0.0,,
-0.5,19.0,4.358898943540674,,
0.5,10.0,3.1622776601683795,,
1.5,3.0,1.7320508075688772,,
2.5,0.0,0.0,,
3.5,0.0,0.0,,
4.5,1.0,1.0,,
5.5,2.0,1.4142135623730951,,
6.5,2.0,1.4142135623730951,,
7.5,0.0,0.0,,
8.5,1.0,1.0,,
9.5,0.0,0.0,,
10.5,0.0,0.0,,
11.5,0.0,0.0,,
12.5,0.0,0.0,,
13.5,15.0,3.872983346207417,,
14.5,0.0,0.0,,
