bin_low_edge,contents,binerror,xtitle,binlabel
-0.5,0.0,0.0,,
0.5,1.0,1.0,,IGHJ2*01
1.5,1.0,1.0,,IGHJ3*02
2.5,18.0,4.242640687119285,,IGHJ4*02
3.5,31.0,5.5677643628300215,,IGHJ5*02
4.5,2.0,1.4142135623730951,,IGHJ6*02
5.5,0.0,0.0,,
