bin_low_edge,contents,binerror,xtitle,binlabel
-1.5,0.0,0.0,,
-0.5,0.0,0.0836585,,
0.5,0.8,0.161221,,
1.5,0.0,0.0836585,,
2.5,0.0,0.0836585,,
3.5,0.8,0.161221,,
4.5,0.2,0.161221,,
5.5,0.2,0.161221,,
6.5,0.0,0.0836585,,
7.5,0.0,0.0836585,,
8.5,0.0,0.0836585,,
9.5,0.4,0.18050000000000002,,
10.5,0.2,0.161221,,
11.5,0.0,0.0836585,,
12.5,0.0,0.0836585,,
13.5,0.0,0.098629,,
14.5,0.0,0.098629,,
15.5,1.0,0.09862921911988465,,
16.5,0.0,0.0,,
