bin_low_edge,contents,binerror,xtitle,binlabel
2.5,0.0,0.0,,
3.5,1.0,0.21132486540518713,,
4.5,0.0,0.211325,,
5.5,0.0,0.211325,,
6.5,0.0,0.211325,,
7.5,0.0,0.211325,,
8.5,0.0,0.0836585,,
9.5,0.2,0.161221,,
10.5,0.0,0.0836585,,
11.5,0.0,0.0836585,,
12.5,0.0,0.0836585,,
13.5,0.0,0.0836585,,
14.5,0.0,0.0836585,,
15.5,0.0,0.0836585,,
16.5,0.0,0.0836585,,
17.5,0.0,0.0,,
