bin_low_edge,contents,binerror,xtitle,binlabel
1.5,0.0,0.0,,
2.5,0.0,0.1533195,,
3.5,0.0,0.1533195,,
4.5,0.0,0.1533195,,
5.5,0.0,0.1533195,,
6.5,0.0,0.1533195,,
7.5,0.0,0.1533195,,
8.5,0.5,0.240851,,
9.5,0.5,0.240851,,
10.5,0.5,0.240851,,
11.5,0.0,0.1533195,,
12.5,0.5,0.240851,,
13.5,0.0,0.1533195,,
14.5,0.0,0.1533195,,
15.5,0.0,0.1533195,,
16.5,0.0,0.1533195,,
17.5,0.0,0.1533195,,
18.5,0.0,0.0,,
