position,mute_freq,lo_err,hi_err,A,A_lo_err,A_hi_err,C,C_lo_err,C_hi_err,G,G_lo_err,G_hi_err,T,T_lo_err,T_hi_err
4,0.5,0.259149,0.740851,0.5,0.259149,0.740851,0.0,0.0,0.306639,0.0,0.0,0.306639,0.5,0.259149,0.740851
5,0.5,0.259149,0.740851,0.5,0.259149,0.740851,0.0,0.0,0.306639,0.5,0.259149,0.740851,0.0,0.0,0.306639
6,0.0,0.0,0.306639,0.0,0.0,0.306639,1.0,0.69336127435063466,1.0,0.0,0.0,0.306639,0.0,0.0,0.306639
7,0.0,0.0,0.306639,0.0,0.0,0.306639,0.0,0.0,0.306639,0.0,0.0,0.306639,1.0,0.69336127435063466,1.0
8,0.5,0.259149,0.740851,0.5,0.259149,0.740851,0.5,0.259149,0.740851,0.0,0.0,0.306639,0.0,0.0,0.306639
9,0.0,0.0,0.306639,0.0,0.0,0.306639,0.0,0.0,0.306639,0.0,0.0,0.306639,1.0,0.69336127435063466,1.0
10,0.0,0.0,0.306639,0.0,0.0,0.306639,0.0,0.0,0.306639,1.0,0.69336127435063466,1.0,0.0,0.0,0.306639
11,0.0,0.0,0.306639,1.0,0.69336127435063466,1.0,0.0,0.0,0.306639,0.0,0.0,0.306639,0.0,0.0,0.306639
12,1.0,0.69336127435063466,1.0,1.0,0.69336127435063466,1.0,0.0,0.0,0.306639,0.0,0.0,0.306639,0.0,0.0,0.306639
13,1.0,0.69336127435063466,1.0,0.0,0.0,0.306639,0.0,0.0,0.306639,1.0,0.69336127435063466,1.0,0.0,0.0,0.306639
14,0.0,0.0,0.306639,0.0,0.0,0.306639,0.0,0.0,0.306639,1.0,0.69336127435063466,1.0,0.0,0.0,0.306639
15,0.0,0.0,0.306639,0.0,0.0,0.306639,0.0,0.0,0.306639,0.0,0.0,0.306639,1.0,0.69336127435063466,1.0
16,1.0,0.69336127435063466,1.0,0.0,0.0,0.306639,0.0,0.0,0.306639,1.0,0.69336127435063466,1.0,0.0,0.0,0.306639
17,0.0,0.0,0.306639,0.0,0.0,0.306639,0.0,0.0,0.306639,1.0,0.69336127435063466,1.0,0.0,0.0,0.306639
18,0.0,0.0,0.306639,0.0,0.0,0.306639,0.0,0.0,0.306639,0.0,0.0,0.306639,1.0,0.69336127435063466,1.0
19,0.0,0.0,0.306639,0.0,0.0,0.306639,0.0,0.0,0.306639,1.0,0.69336127435063466,1.0,0.0,0.0,0.306639
20,0.0,0.0,0.306639,0.0,0.0,0.306639,0.0,0.0,0.306639,1.0,0.69336127435063466,1.0,0.0,0.0,0.306639
