bin_low_edge,contents,binerror,xtitle,binlabel
11.5,0.0,0.0,,
12.5,0.0,0.1533195,,
13.5,0.0,0.1533195,,
14.5,0.0,0.1533195,,
15.5,0.0,0.1533195,,
16.5,0.0,0.1533195,,
17.5,0.0,0.0,,
