bin_low_edge,contents,binerror,xtitle,binlabel
6.5,0.0,0.0,,
7.5,0.0,0.211325,,
8.5,0.0,0.211325,,
9.5,0.0,0.211325,,
10.5,0.0,0.211325,,
11.5,0.0,0.211325,,
12.5,0.0,0.211325,,
13.5,0.0,0.0,,
