bin_low_edge,contents,binerror,xtitle,binlabel
-1.5,0.0,0.0,,
-0.5,0.0,0.098629,,
0.5,0.75,0.18312250000000002,,
1.5,0.0,0.098629,,
2.5,0.0,0.098629,,
3.5,1.0,0.09862921911988465,,
4.5,0.25,0.1831225,,
5.5,0.0,0.098629,,
6.5,0.0,0.098629,,
7.5,0.0,0.098629,,
8.5,0.0,0.098629,,
9.5,0.25,0.1831225,,
10.5,0.0,0.098629,,
11.5,0.0,0.098629,,
12.5,0.0,0.098629,,
13.5,0.0,0.098629,,
14.5,0.0,0.098629,,
15.5,0.0,0.0,,
