bin_low_edge,contents,binerror,xtitle,binlabel
-1.5,0.0,0.0,,
-0.5,0.0,0.098629,,
0.5,0.5,0.197303,,
1.5,0.5,0.197303,,
2.5,0.0,0.098629,,
3.5,0.5,0.197303,,
4.5,0.4,0.18050000000000002,,
5.5,0.2,0.161221,,
6.5,0.0,0.0836585,,
7.5,0.0,0.0836585,,
8.5,0.0,0.0836585,,
9.5,0.0,0.0836585,,
10.5,0.0,0.098629,,
11.5,0.25,0.1831225,,
12.5,0.5,0.197303,,
13.5,0.5,0.197303,,
14.5,0.0,0.098629,,
15.5,0.25,0.1831225,,
16.5,0.0,0.098629,,
17.5,0.0,0.0,,
