bin_low_edge,contents,binerror,xtitle,binlabel
-1.5,0.0,0.0,,
-0.5,0.0,0.211325,,
0.5,0.0,0.211325,,
1.5,0.0,0.211325,,
2.5,1.0,0.21132486540518713,,
3.5,0.0,0.211325,,
4.5,0.0,0.211325,,
5.5,0.0,0.0,,
