bin_low_edge,contents,binerror,xtitle,binlabel
11.5,0.0,0.0,,
12.5,0.0,0.211325,,
13.5,0.0,0.211325,,
14.5,0.0,0.211325,,
15.5,0.0,0.211325,,
16.5,0.0,0.211325,,
17.5,0.0,0.211325,,
18.5,0.0,0.211325,,
19.5,1.0,0.21132486540518713,,
20.5,0.0,0.211325,,
21.5,0.0,0.211325,,
22.5,0.0,0.211325,,
23.5,0.0,0.211325,,
24.5,0.0,0.0,,
