bin_low_edge,contents,binerror,xtitle,binlabel
-1.5,0.0,0.0,,
-0.5,0.0,0.211325,,
0.5,1.0,0.21132486540518713,,
1.5,0.0,0.211325,,
2.5,0.0,0.211325,,
3.5,0.0,0.211325,,
4.5,0.0,0.211325,,
5.5,1.0,0.21132486540518713,,
6.5,0.0,0.211325,,
7.5,0.0,0.211325,,
8.5,0.0,0.211325,,
9.5,0.0,0.211325,,
10.5,1.0,0.21132486540518713,,
11.5,1.0,0.21132486540518713,,
12.5,0.0,0.211325,,
13.5,0.0,0.211325,,
14.5,0.0,0.0,,
