bin_low_edge,contents,binerror,xtitle,binlabel
-1.5,0.0,0.0,,
-0.5,6.0,2.449489742783178,,
0.5,1.0,1.0,,
1.5,0.0,0.0,,
2.5,1.0,1.0,,
3.5,0.0,0.0,,
4.5,12.0,3.4641016151377544,,
5.5,2.0,1.4142135623730951,,
6.5,0.0,0.0,,
7.5,1.0,1.0,,
8.5,0.0,0.0,,
