position,mute_freq,lo_err,hi_err,A,A_lo_err,A_hi_err,C,C_lo_err,C_hi_err,G,G_lo_err,G_hi_err,T,T_lo_err,T_hi_err
0,0.0,0.0,0.306639,0.0,0.0,0.306639,0.0,0.0,0.306639,1.0,0.69336127435063466,1.0,0.0,0.0,0.306639
1,1.0,0.69336127435063466,1.0,0.0,0.0,0.306639,1.0,0.69336127435063466,1.0,0.0,0.0,0.306639,0.0,0.0,0.306639
2,0.0,0.0,0.306639,1.0,0.69336127435063466,1.0,0.0,0.0,0.306639,0.0,0.0,0.306639,0.0,0.0,0.306639
3,0.0,0.0,0.240164,0.0,0.0,0.240164,0.0,0.0,0.240164,0.0,0.0,0.240164,1.0,0.75983568565159254,1.0
4,0.3333333333333333,0.190687,0.611085,0.0,0.0,0.240164,0.0,0.0,0.240164,0.3333333333333333,0.190687,0.611085,0.6666666666666666,0.388915,0.809313
5,0.0,0.0,0.240164,1.0,0.75983568565159254,1.0,0.0,0.0,0.240164,0.0,0.0,0.240164,0.0,0.0,0.240164
6,0.0,0.0,0.240164,0.0,0.0,0.240164,0.0,0.0,0.240164,0.0,0.0,0.240164,1.0,0.75983568565159254,1.0
7,0.0,0.0,0.240164,0.0,0.0,0.240164,0.0,0.0,0.240164,1.0,0.75983568565159254,1.0,0.0,0.0,0.240164
8,0.3333333333333333,0.190687,0.611085,0.6666666666666666,0.388915,0.809313,0.0,0.0,0.240164,0.3333333333333333,0.190687,0.611085,0.0,0.0,0.240164
9,0.3333333333333333,0.190687,0.611085,0.0,0.0,0.240164,0.3333333333333333,0.190687,0.611085,0.0,0.0,0.240164,0.6666666666666666,0.388915,0.809313
10,0.0,0.0,0.240164,0.0,0.0,0.240164,0.0,0.0,0.240164,0.0,0.0,0.240164,1.0,0.75983568565159254,1.0
11,0.0,0.0,0.42265,0.0,0.0,0.42265,0.0,0.0,0.42265,0.0,0.0,0.42265,1.0,0.57735026918962573,1.0
12,0.0,0.0,0.42265,0.0,0.0,0.42265,0.0,0.0,0.42265,0.0,0.0,0.42265,1.0,0.57735026918962573,1.0
13,0.0,0.0,0.42265,0.0,0.0,0.42265,0.0,0.0,0.42265,0.0,0.0,0.42265,1.0,0.57735026918962573,1.0
14,0.0,0.0,0.42265,0.0,0.0,0.42265,0.0,0.0,0.42265,1.0,0.57735026918962573,1.0,0.0,0.0,0.42265
15,0.0,0.0,0.42265,0.0,0.0,0.42265,0.0,0.0,0.42265,1.0,0.57735026918962573,1.0,0.0,0.0,0.42265
16,1.0,0.57735026918962573,1.0,0.0,0.0,0.42265,0.0,0.0,0.42265,1.0,0.57735026918962573,1.0,0.0,0.0,0.42265
17,1.0,0.57735026918962573,1.0,0.0,0.0,0.42265,0.0,0.0,0.42265,0.0,0.0,0.42265,1.0,0.57735026918962573,1.0
18,0.0,0.0,0.42265,0.0,0.0,0.42265,0.0,0.0,0.42265,0.0,0.0,0.42265,1.0,0.57735026918962573,1.0
19,0.0,0.0,0.42265,0.0,0.0,0.42265,0.0,0.0,0.42265,1.0,0.57735026918962573,1.0,0.0,0.0,0.42265
