position,mute_freq,lo_err,hi_err,A,A_lo_err,A_hi_err,C,C_lo_err,C_hi_err,G,G_lo_err,G_hi_err,T,T_lo_err,T_hi_err
13,0.0,0.0,0.42265,0.0,0.0,0.42265,0.0,0.0,0.42265,1.0,0.57735026918962573,1.0,0.0,0.0,0.42265
14,0.0,0.0,0.42265,0.0,0.0,0.42265,0.0,0.0,0.42265,0.0,0.0,0.42265,1.0,0.57735026918962573,1.0
15,0.0,0.0,0.42265,0.0,0.0,0.42265,0.0,0.0,0.42265,0.0,0.0,0.42265,1.0,0.57735026918962573,1.0
16,0.0,0.0,0.42265,0.0,0.0,0.42265,0.0,0.0,0.42265,0.0,0.0,0.42265,1.0,0.57735026918962573,1.0
17,0.0,0.0,0.42265,0.0,0.0,0.42265,0.0,0.0,0.42265,1.0,0.57735026918962573,1.0,0.0,0.0,0.42265
18,1.0,0.57735026918962573,1.0,0.0,0.0,0.42265,0.0,0.0,0.42265,0.0,0.0,0.42265,1.0,0.57735026918962573,1.0
19,0.0,0.0,0.42265,0.0,0.0,0.42265,0.0,0.0,0.42265,1.0,0.57735026918962573,1.0,0.0,0.0,0.42265
20,0.0,0.0,0.42265,0.0,0.0,0.42265,0.0,0.0,0.42265,1.0,0.57735026918962573,1.0,0.0,0.0,0.42265
21,0.0,0.0,0.42265,0.0,0.0,0.42265,0.0,0.0,0.42265,1.0,0.57735026918962573,1.0,0.0,0.0,0.42265
22,0.0,0.0,0.42265,1.0,0.57735026918962573,1.0,0.0,0.0,0.42265,0.0,0.0,0.42265,0.0,0.0,0.42265
23,0.0,0.0,0.42265,0.0,0.0,0.42265,0.0,0.0,0.42265,1.0,0.57735026918962573,1.0,0.0,0.0,0.42265
24,1.0,0.57735026918962573,1.0,0.0,0.0,0.42265,1.0,0.57735026918962573,1.0,0.0,0.0,0.42265,0.0,0.0,0.42265
25,0.0,0.0,0.42265,0.0,0.0,0.42265,0.0,0.0,0.42265,0.0,0.0,0.42265,1.0,0.57735026918962573,1.0
26,0.0,0.0,0.42265,1.0,0.57735026918962573,1.0,0.0,0.0,0.42265,0.0,0.0,0.42265,0.0,0.0,0.42265
27,1.0,0.57735026918962573,1.0,0.0,0.0,0.42265,1.0,0.57735026918962573,1.0,0.0,0.0,0.42265,0.0,0.0,0.42265
28,0.0,0.0,0.42265,0.0,0.0,0.42265,0.0,0.0,0.42265,1.0,0.57735026918962573,1.0,0.0,0.0,0.42265
29,0.0,0.0,0.42265,0.0,0.0,0.42265,1.0,0.57735026918962573,1.0,0.0,0.0,0.42265,0.0,0.0,0.42265
