position,mute_freq,lo_err,hi_err,A,A_lo_err,A_hi_err,C,C_lo_err,C_hi_err,G,G_lo_err,G_hi_err,T,T_lo_err,T_hi_err
5,0.0,0.0,0.42265,0.0,0.0,0.42265,0.0,0.0,0.42265,0.0,0.0,0.42265,1.0,0.57735026918962573,1.0
6,0.0,0.0,0.42265,1.0,0.57735026918962573,1.0,0.0,0.0,0.42265,0.0,0.0,0.42265,0.0,0.0,0.42265
7,0.0,0.0,0.42265,0.0,0.0,0.42265,0.0,0.0,0.42265,0.0,0.0,0.42265,1.0,0.57735026918962573,1.0
8,0.0,0.0,0.42265,1.0,0.57735026918962573,1.0,0.0,0.0,0.42265,0.0,0.0,0.42265,0.0,0.0,0.42265
9,0.0,0.0,0.167317,0.0,0.0,0.167317,0.0,0.0,0.167317,1.0,0.83268317765560429,1.0,0.0,0.0,0.167317
10,0.2,0.125065,0.447507,0.0,0.0,0.167317,0.2,0.125065,0.447507,0.0,0.0,0.167317,0.8,0.552493,0.874935
11,0.0,0.0,0.167317,0.0,0.0,0.167317,0.0,0.0,0.167317,1.0,0.83268317765560429,1.0,0.0,0.0,0.167317
12,0.0,0.0,0.167317,0.0,0.0,0.167317,0.0,0.0,0.167317,1.0,0.83268317765560429,1.0,0.0,0.0,0.167317
13,0.0,0.0,0.167317,0.0,0.0,0.167317,1.0,0.83268317765560429,1.0,0.0,0.0,0.167317,0.0,0.0,0.167317
14,0.0,0.0,0.167317,0.0,0.0,0.167317,0.0,0.0,0.167317,0.0,0.0,0.167317,1.0,0.83268317765560429,1.0
15,0.0,0.0,0.167317,1.0,0.83268317765560429,1.0,0.0,0.0,0.167317,0.0,0.0,0.167317,0.0,0.0,0.167317
16,0.0,0.0,0.167317,0.0,0.0,0.167317,1.0,0.83268317765560429,1.0,0.0,0.0,0.167317,0.0,0.0,0.167317
17,0.0,0.0,0.167317,0.0,0.0,0.167317,0.0,0.0,0.167317,1.0,0.83268317765560429,1.0,0.0,0.0,0.167317
