position,mute_freq,lo_err,hi_err,A,A_lo_err,A_hi_err,C,C_lo_err,C_hi_err,G,G_lo_err,G_hi_err,T,T_lo_err,T_hi_err
0,0.0,0.0,0.197258,0.0,0.0,0.197258,0.0,0.0,0.197258,1.0,0.8027415617602307,1.0,0.0,0.0,0.197258
1,0.75,0.482738,0.848983,0.0,0.0,0.197258,0.25,0.151017,0.517262,0.25,0.151017,0.517262,0.5,0.302697,0.697303
2,0.0,0.0,0.197258,0.0,0.0,0.197258,0.0,0.0,0.197258,0.0,0.0,0.197258,1.0,0.8027415617602307,1.0
3,0.0,0.0,0.197258,1.0,0.8027415617602307,1.0,0.0,0.0,0.197258,0.0,0.0,0.197258,0.0,0.0,0.197258
4,1.0,0.8027415617602307,1.0,0.0,0.0,0.197258,1.0,0.8027415617602307,1.0,0.0,0.0,0.197258,0.0,0.0,0.197258
5,0.25,0.151017,0.517262,0.75,0.482738,0.848983,0.0,0.0,0.197258,0.0,0.0,0.197258,0.25,0.151017,0.517262
6,0.0,0.0,0.197258,1.0,0.8027415617602307,1.0,0.0,0.0,0.197258,0.0,0.0,0.197258,0.0,0.0,0.197258
7,0.0,0.0,0.197258,0.0,0.0,0.197258,1.0,0.8027415617602307,1.0,0.0,0.0,0.197258,0.0,0.0,0.197258
8,0.0,0.0,0.197258,0.0,0.0,0.197258,0.0,0.0,0.197258,0.0,0.0,0.197258,1.0,0.8027415617602307,1.0
9,0.0,0.0,0.197258,0.0,0.0,0.197258,0.0,0.0,0.197258,1.0,0.8027415617602307,1.0,0.0,0.0,0.197258
10,0.25,0.151017,0.517262,0.0,0.0,0.197258,0.25,0.151017,0.517262,0.75,0.482738,0.848983,0.0,0.0,0.197258
11,0.0,0.0,0.197258,1.0,0.8027415617602307,1.0,0.0,0.0,0.197258,0.0,0.0,0.197258,0.0,0.0,0.197258
12,0.0,0.0,0.197258,1.0,0.8027415617602307,1.0,0.0,0.0,0.197258,0.0,0.0,0.197258,0.0,0.0,0.197258
13,0.0,0.0,0.197258,0.0,0.0,0.197258,1.0,0.8027415617602307,1.0,0.0,0.0,0.197258,0.0,0.0,0.197258
14,0.0,0.0,0.197258,0.0,0.0,0.197258,0.0,0.0,0.197258,0.0,0.0,0.197258,1.0,0.8027415617602307,1.0
15,0.0,0.0,0.197258,1.0,0.8027415617602307,1.0,0.0,0.0,0.197258,0.0,0.0,0.197258,0.0,0.0,0.197258
