bin_low_edge,contents,binerror,xtitle,binlabel
2.5,0.0,0.0,,
3.5,0.5,0.240851,,
4.5,0.5,0.240851,,
5.5,0.0,0.1533195,,
6.5,0.0,0.1533195,,
7.5,0.5,0.240851,,
8.5,0.0,0.1533195,,
9.5,0.0,0.1533195,,
10.5,0.0,0.1533195,,
11.5,1.0,0.15331936282468267,,
12.5,1.0,0.15331936282468267,,
13.5,0.0,0.1533195,,
14.5,0.0,0.1533195,,
15.5,1.0,0.15331936282468267,,
16.5,0.0,0.1533195,,
17.5,0.0,0.1533195,,
18.5,0.0,0.1533195,,
19.5,0.0,0.1533195,,
20.5,0.0,0.0,,
