bin_low_edge,contents,binerror,xtitle,binlabel
11.5,0.0,0.0,,
12.5,0.3333333333333333,0.210199,,
13.5,0.0,0.120082,,
14.5,0.0,0.120082,,
15.5,0.0,0.120082,,
16.5,0.0,0.120082,,
17.5,0.0,0.0,,
