bin_low_edge,contents,binerror,xtitle,binlabel
-1.5,0.0,0.0,,
-0.5,6.0,2.449489742783178,,
0.5,11.0,3.3166247903554,,
1.5,0.0,0.0,,
