bin_low_edge,contents,binerror,xtitle,binlabel
-1.5,0.0,0.0,,
-0.5,0.9725274725274725,0.017383854919450492,,right
0.5,0.027472527472527472,0.007304527472527474,,wrong
1.5,0.0,0.0,,
