bin_low_edge,contents,binerror,xtitle,binlabel
-1.5,0.0,0.0,,
-0.5,0.9945054945054945,0.012076482233779107,,right
0.5,0.005494505494505495,0.0014965054945054951,,wrong
1.5,0.0,0.0,,
