bin_low_edge,contents,binerror,xtitle,binlabel
-1.5,0.0,0.0,hamming distance,
-0.5,0.8186813186813188,0.06706898689963572,hamming distance,
0.5,0.049450549450549455,0.016483516483516484,hamming distance,
1.5,0.07142857142857144,0.019810721293758184,hamming distance,
2.5,0.049450549450549455,0.016483516483516484,hamming distance,
3.5,0.0,0.0,hamming distance,
4.5,0.005494505494505495,0.005494505494505495,hamming distance,
5.5,0.005494505494505495,0.005494505494505495,hamming distance,
6.5,0.0,0.0,hamming distance,
