bin_low_edge,contents,binerror,xtitle,binlabel
1.5,0.0,0.0,,
2.5,8.0,2.8284271247461903,,
3.5,1.0,1.0,,
4.5,0.0,0.0,,
5.5,3.0,1.7320508075688772,,
6.5,0.0,0.0,,
