bin_low_edge,contents,binerror,xtitle,binlabel
-1.5,0.0,0.0,,
-0.5,50.0,7.0710678118654755,,
0.5,3.0,1.7320508075688772,,
1.5,0.0,0.0,,
