bin_low_edge,contents,binerror,xtitle,binlabel
198.5,0.0,0.0,,
199.5,3.0,1.7320508075688772,,
200.5,2.0,1.4142135623730951,,
201.5,0.0,0.0,,
