bin_low_edge,contents,binerror,xtitle,binlabel
6.5,0.0,0.0,,
7.5,1.0,1.0,,
8.5,0.0,0.0,,
9.5,2.0,1.4142135623730951,,
10.5,6.0,2.449489742783178,,
11.5,0.0,0.0,,
