bin_low_edge,contents,binerror,xtitle,binlabel
4.5,0.0,0.0,,
5.5,3.0,1.7320508075688772,,
6.5,0.0,0.0,,
7.5,0.0,0.0,,
8.5,7.0,2.6457513110645907,,
9.5,0.0,0.0,,
10.5,0.0,0.0,,
11.5,0.0,0.0,,
12.5,1.0,1.0,,
13.5,0.0,0.0,,
14.5,3.0,1.7320508075688772,,
15.5,0.0,0.0,,
