bin_low_edge,contents,binerror,xtitle,binlabel
-1.5,0.0,0.0,,
-0.5,1.0,1.0,,
0.5,0.0,0.0,,
1.5,3.0,1.7320508075688772,,
2.5,2.0,1.4142135623730951,,
3.5,0.0,0.0,,
4.5,7.0,2.6457513110645907,,
5.5,0.0,0.0,,
