bin_low_edge,contents,binerror,xtitle,binlabel
-1.5,0.0,0.0,,
-0.5,7.0,2.6457513110645907,,
0.5,0.0,0.0,,
1.5,0.0,0.0,,
2.5,0.0,0.0,,
3.5,0.0,0.0,,
4.5,0.0,0.0,,
5.5,5.0,2.23606797749979,,
6.5,0.0,0.0,,
