bin_low_edge,contents,binerror,xtitle,binlabel
204.5,0.0,0.0,,
205.5,3.0,1.7320508075688772,,
206.5,0.0,0.0,,
207.5,0.0,0.0,,
208.5,10.0,3.1622776601683795,,
209.5,0.0,0.0,,
