bin_low_edge,contents,binerror,xtitle,binlabel
10.5,0.0,0.0,,
11.5,3.0,1.7320508075688772,,
12.5,5.0,2.23606797749979,,
13.5,0.0,0.0,,
14.5,0.0,0.0,,
15.5,0.0,0.0,,
16.5,0.0,0.0,,
17.5,0.0,0.0,,
18.5,0.0,0.0,,
19.5,0.0,0.0,,
20.5,1.0,1.0,,
21.5,0.0,0.0,,
