bin_low_edge,contents,binerror,xtitle,binlabel
-0.5,0.0,0.0,,
0.5,2.0,1.4142135623730951,,
1.5,5.0,2.23606797749979,,
2.5,5.0,2.23606797749979,,
3.5,0.0,0.0,,
